Product,Price,Is Marketplace?
"Apple iPhone 8, 64GB, Space Gray - Fully Unlocked (Renewed)",$249.99,
"Apple iPhone 7, 32GB, Black - Fully Unlocked (Renewed)",$153.00,
"Apple iPhone XR, 64GB, Black - Fully Unlocked (Renewed)",$460.00,
"Apple iPhone X, 64GB, Space Gray - Fully Unlocked (Renewed)",$425.55,
"Apple iPhone 7 32GB, Rose Gold (Renewed)",$160.00,
"Apple iPhone 6S, 64GB, Rose Gold - For AT&T / T-Mobile (Renewed)",$124.95,X
"Apple iPhone 6S, 16GB, Space Gray - Fully Unlocked (Renewed)",$104.99,
Simple Mobile Prepaid - Apple iPhone 6s (32GB) - Space Gray,$99.99,X
"Apple iPhone XS, 64GB, Gold - Fully Unlocked (Renewed)",$535.55,
"Apple iPhone Xs Max, 512GB, Space Gray - Fully Unlocked (Renewed)",$688.50,
"Apple iPhone X, 64GB, Space Gray - Fully Unlocked (Renewed)",$429.97,
"Apple iPhone 8 Plus, 256GB, Space Gray - Fully Unlocked (Renewed)",$442.99,X
"Apple iPhone 7 Plus, 32GB, Gold - Fully Unlocked (Renewed)",$229.95,X
"Apple iPhone SE, 16GB, Silver - Fully Unlocked (Renewed)",$89.99,X
"Apple iPhone 6S Plus, Fully Unlocked, 32GB (Renewed)",$161.99,X
"Apple iPhone 6S, 16GB, Rose Gold - For AT&T / T-Mobile (Renewed)",$105.55,
